<?xml version="1.0" encoding="UTF-8"?>
<project-private xmlns="http://www.netbeans.org/ns/project-private/1">
    <editor-bookmarks xmlns="http://www.netbeans.org/ns/editor-bookmarks/2" lastBookmarkId="0"/>
    <open-files xmlns="http://www.netbeans.org/ns/projectui-open-files/2">
        <group>
            <file>file:/Users/htoinanbrang/NetBeansProjects/UploadFile1/src/uploadfile1/UploadFile1.java</file>
            <file>file:/Users/htoinanbrang/NetBeansProjects/UploadFile1/src/uploadfile1/IndexCategory.java</file>
            <file>file:/Users/htoinanbrang/NetBeansProjects/UploadFile1/src/uploadfile1/CreateCategory.java</file>
        </group>
    </open-files>
</project-private>
